<?xml version="1.0" encoding="UTF-8" standalone="yes"?>
<manifest>
  <control namespace="onhoverPcfARv4" constructor="Onhoverv4" version="0.0.1" display-name-key="Onhover" description-key="Onhover description" control-type="standard" api-version="1.3.5">
    <external-service-usage enabled="false"/>
    <property name="CHeight" display-name-key="height" description-key="Property_Desc_Key" of-type="SingleLine.Text" usage="bound" required="true"/>
    <property name="CWidth" display-name-key="width" description-key="Property_Desc_Key" of-type="SingleLine.Text" usage="bound" required="true"/>
    <property name="HoverToggle" display-name-key="hoverToggle" description-key="Property_Desc_Key" of-type="TwoOptions" usage="bound" required="true"/>
    <property name="ClickToggle" display-name-key="clickToggle" description-key="Property_Desc_Key" of-type="TwoOptions" usage="bound" required="true"/>
    <property name="X_coordinate" display-name-key="x_coordinate" description-key="Property_Desc_Key" of-type="Decimal" usage="bound" required="true"/>
    <property name="Y_coordinate" display-name-key="y_coordinate" description-key="Property_Desc_Key" of-type="Decimal" usage="bound" required="true"/>
    <resources>
      <code path="bundle.js" order="1"/>
    </resources>
    <built-by name="pac" version="1.22.2"/>
  </control>
</manifest>